{"cameraMode":{"drawMode":0,"name":"Shaded","section":"Shading Mode"},"sceneLighting":true,"audioPlay":false,"sceneViewState":{"showFog":true,"showMaterialUpdate":false,"showSkybox":true,"showFlares":true,"showImageEffects":true,"showParticleSystems":true,"showVisualEffectGraphs":true,"m_FxEnabled":true},"in2DMode":false,"pivot":{"x":-3.8674683570861818,"y":0.5514637231826782,"z":0.5776123404502869},"rotation":{"x":0.23420092463493348,"y":-0.005836691241711378,"z":0.0013881190679967404,"w":0.9721817970275879},"size":5.877242088317871,"orthographic":true}