{"cameraMode":{"drawMode":0,"name":"Shaded","section":"Shading Mode"},"sceneLighting":false,"audioPlay":false,"sceneViewState":{"showFog":true,"showMaterialUpdate":false,"showSkybox":false,"showFlares":true,"showImageEffects":true,"showParticleSystems":true},"in2DMode":false,"pivot":{"x":622.4530639648438,"y":23.809282302856447,"z":459.4964599609375},"rotation":{"x":-0.5244574546813965,"y":0.08707018941640854,"z":-0.053935837000608447,"w":-0.8452867865562439},"size":22.107463836669923,"orthographic":false}