{"cameraMode":{"drawMode":0,"name":"Shaded","section":"Shading Mode"},"sceneLighting":true,"audioPlay":false,"sceneViewState":{"showFog":true,"showMaterialUpdate":false,"showSkybox":true,"showFlares":true,"showImageEffects":true,"showParticleSystems":true},"in2DMode":false,"pivot":{"x":561.2409057617188,"y":-9.182449340820313,"z":785.3330688476563},"rotation":{"x":-0.22048163414001466,"y":0.004973724018782377,"z":-0.0011216726852580906,"w":-0.97538161277771},"size":198.95091247558595,"orthographic":false}