{"cameraMode":{"drawMode":0,"name":"Shaded","section":"Shading Mode"},"sceneLighting":false,"audioPlay":false,"sceneViewState":{"showFog":true,"showMaterialUpdate":false,"showSkybox":false,"showFlares":true,"showImageEffects":true,"showParticleSystems":true},"in2DMode":false,"pivot":{"x":316.646240234375,"y":0.6244184374809265,"z":444.1806640625},"rotation":{"x":-0.30529171228408816,"y":0.5844422578811646,"z":-0.25174450874328616,"w":-0.7084701061248779},"size":0.6247448921203613,"orthographic":false}