{"cameraMode":{"drawMode":0,"name":"Shaded","section":"Shading Mode"},"sceneLighting":false,"audioPlay":false,"sceneViewState":{"showFog":true,"showMaterialUpdate":false,"showSkybox":false,"showFlares":true,"showImageEffects":true,"showParticleSystems":true},"in2DMode":false,"pivot":{"x":-5.5456767082214359,"y":-8.29080867767334,"z":-16.85038185119629},"rotation":{"x":0.1149180680513382,"y":-0.8553532958030701,"z":0.21505054831504823,"w":0.45710402727127077},"size":5.996562957763672,"orthographic":false}